"time_on_app","new_ui","is_ios","user_segment","account_age"
20.7999949696152,0,0,"Business",4.94982792646624
14.6649372149578,1,0,"Casual",2.19246806344017
20.6003125866809,0,1,"Business",3.49951608804986
17.9556308647471,1,0,"Power",4.44538477808237
11.8311212010867,0,0,"Casual",4.17079736595042
18.1647412212388,1,1,"Casual",3.67210730211809
20.1782006516566,1,0,"Power",3.23451653704979
21.8663602808893,1,1,"Power",4.2143913381733
10.6233004904308,0,0,"Casual",0.798206258332357
21.1965126599046,0,0,"Business",1.81853113695979
15.0725149410363,1,1,"Casual",1.37546254438348
18.8793191120152,1,0,"Power",0.623972612665966
15.7060616605837,1,0,"Casual",2.82813474535942
16.9629467255713,1,1,"Casual",3.36620111484081
10.9192616145645,0,1,"Casual",0.00851565040647984
22.0912514039798,0,0,"Business",4.0046061121393
15.0385919990097,1,0,"Casual",0.991214328678325
15.8223036811038,0,1,"Casual",3.3337271946948
19.5944702414913,0,1,"Power",3.93867154372856
13.5074698134222,0,1,"Casual",4.7609073552303
23.1839544022569,1,0,"Business",1.91338788717985
17.4276147276946,1,1,"Casual",2.6318884070497
13.7494755079285,1,0,"Casual",1.94177057477646
12.0312782801893,0,0,"Casual",0.658638001186773
18.378775133934,1,1,"Casual",4.03859209269285
15.5914608705363,0,1,"Casual",3.43124844017439
18.4532438599443,1,1,"Casual",1.46549254539423
16.3486690454003,1,0,"Casual",2.09974476601928
23.0873601136041,0,1,"Business",3.67630527005531
21.0452870639587,0,0,"Business",4.2491062276531
20.6383568914561,1,0,"Business",0.387322943424806
13.8214377441471,1,0,"Casual",1.41932127298787
14.7266437024009,1,1,"Casual",0.549074944574386
13.4598716389031,1,0,"Casual",1.10969599103555
12.0677807051815,0,1,"Casual",0.235274666920304
17.9656532993976,1,0,"Power",0.304385741474107
24.4949364145693,1,1,"Business",2.66815098002553
18.1083760589663,0,1,"Power",0.491497955517843
14.1620023473022,0,0,"Casual",2.09173187729903
12.5811060317103,0,0,"Casual",0.603682009968907
20.6079349394491,0,1,"Business",4.62665355415083
14.1824250841738,1,1,"Casual",0.0481475878041238
17.1716770183573,1,1,"Casual",2.41668100235984
17.82066320789,0,0,"Power",3.78612249391153
21.8168800736104,1,1,"Power",4.56046319333836
14.6812438442979,1,0,"Casual",3.88734643347561
16.6537906341454,0,0,"Power",4.87063034670427
20.8609580885123,1,0,"Business",0.810404018266127
22.056473600627,1,0,"Business",1.55867534806021
13.1411617008843,0,0,"Casual",2.1992819791194
22.9371714691892,0,1,"Business",3.25577216572128
18.7869113049437,1,1,"Casual",3.45299435197376
15.3927718117555,1,1,"Casual",0.995426090667024
18.2432540922758,0,0,"Power",3.99823406944051
16.5893535859124,0,1,"Casual",3.8486992532853
20.8710642668806,0,0,"Business",3.2967450551223
16.9944130035072,0,0,"Power",0.70062228711322
22.1349693437864,1,1,"Power",3.34136013523676
16.9146675847114,1,1,"Casual",0.761670673964545
14.8197255002677,0,1,"Casual",2.88939394406043
12.3940275478954,0,0,"Casual",3.06815122487023
22.3620534113487,1,0,"Business",0.753623229684308
14.3313684982031,0,0,"Casual",2.68089371151291
15.1481720008112,0,1,"Casual",2.85737213911489
12.5354047760241,1,0,"Casual",3.01789741031826
19.2482850214511,0,1,"Power",4.2067841347307
27.2082501941488,1,1,"Business",2.63819242594764
11.8323640930589,0,0,"Casual",1.22805966762826
13.658733243321,1,0,"Casual",1.49263139232062
18.9374373835319,0,1,"Power",4.23073949874379
20.0923470050616,1,1,"Power",2.24101620609872
16.6879540214067,1,1,"Casual",3.48698033834808
17.1549899309069,1,1,"Casual",4.73700455506332
23.1029789222646,0,1,"Business",2.8654261783231
17.8188817969201,1,1,"Casual",2.46430628234521
20.7594351691445,1,0,"Power",2.48629050562158
22.3387929539037,1,1,"Business",0.468349673319608
15.1794870301322,0,1,"Casual",4.7934896685183
13.8847187713807,0,1,"Casual",0.995891134953126
18.3162516591445,1,1,"Casual",2.66423342633061
12.0425354861123,0,1,"Casual",0.67635539919138
25.3340964250808,1,1,"Business",1.20353103498928
15.4662556963663,1,1,"Casual",0.920180684188381
19.454840302453,1,0,"Power",3.30278372275643
13.727239630139,0,0,"Power",0.51819653599523
13.4067070105486,0,1,"Casual",1.40124504338019
16.7304197904355,0,1,"Business",0.0216082914266735
17.849021880292,0,1,"Power",1.12729792948812
19.7247266868261,0,1,"Power",3.74136615777388
15.5684461605739,1,1,"Casual",0.142479776404798
22.3086769819147,0,0,"Business",3.72693202109076
18.4329885280093,1,1,"Casual",3.10525465640239
17.9446597976137,0,1,"Power",2.00530763133429
18.4367897205673,0,0,"Power",1.71336153405719
13.9964641994123,1,0,"Casual",1.17297542979941
18.3977576885664,1,0,"Power",3.81952461670153
17.6447469770043,0,1,"Power",1.04171854211017
11.0854880368538,0,1,"Casual",1.12391491769813
20.2788142606123,0,0,"Business",3.27477760496549
19.4973116372072,1,0,"Power",2.48349605710246
14.701871538938,1,0,"Casual",2.9480922059156
19.8500339056189,0,1,"Power",2.16389591922052
22.7678453538534,1,1,"Power",3.31678702030331
13.3827021055779,0,1,"Casual",3.12104839133099
12.4959377630349,0,0,"Casual",2.50965027022175
18.7391460378663,1,0,"Power",1.49036199203692
21.4895052409871,0,0,"Business",3.6601826059632
15.6376552709732,1,0,"Casual",4.21902334084734
18.9124490997367,0,1,"Power",3.33407256635837
21.7971210462501,0,1,"Business",2.52350675291382
18.8362142185339,0,0,"Power",3.5584222280886
11.7479451434276,0,0,"Casual",4.87821797723882
23.1685653786419,1,0,"Business",3.45019565313123
21.8799461889079,1,1,"Power",4.97728219488636
16.4586548779432,1,1,"Casual",4.75866076652892
17.1060766114326,1,1,"Casual",3.80752088618465
19.9904179939734,0,1,"Business",0.728523744037375
20.1400835748802,1,1,"Power",0.876151812262833
14.7009245839874,1,0,"Casual",4.67132136342116
19.7954486837468,0,0,"Business",2.39896139362827
22.5448732470348,1,1,"Power",1.84555526939221
20.9906683500759,0,1,"Business",1.62703655310906
19.8541367220359,0,1,"Power",2.37047333153896
17.7355508651678,1,1,"Casual",4.655037621269
20.6858163765504,0,0,"Business",2.66155722085387
18.5176148244802,0,1,"Power",4.58260374958627
20.07742061898,1,0,"Power",1.63499545888044
18.0831878798294,0,0,"Power",1.52077549835667
15.0297718064046,1,1,"Casual",0.0266380608081818
15.4073117622405,1,0,"Casual",2.41263190167956
12.923485936251,1,0,"Casual",1.8858298251871
18.3536118390046,1,0,"Power",0.688137741526589
16.7459235033328,0,0,"Power",2.58252386352979
13.2693621554982,0,0,"Casual",4.01647693826817
11.7377732695943,1,0,"Casual",0.205646849935874
19.2114746722448,0,1,"Power",3.56680435244925
12.1399209111086,0,0,"Casual",3.54409808875062
17.2762570444588,1,1,"Casual",4.4774736254476
15.7032067839741,1,0,"Casual",1.37581166578457
20.036923371023,1,0,"Power",0.67402575397864
11.3396855959596,0,1,"Casual",4.63077682885341
20.6748333144197,0,1,"Business",3.21532530360855
12.8834410383638,0,1,"Casual",3.02222234779038
16.0646054566574,0,0,"Power",1.51451383484527
15.8832226309339,1,0,"Casual",1.07559737167321
16.173188027261,1,0,"Casual",4.09858128172345
17.6486250228172,1,1,"Casual",2.83301512012258
15.8905189421501,1,0,"Casual",4.52263743267395
16.5629628121517,0,1,"Casual",3.00817835493945
16.8423001983681,1,1,"Casual",1.00372459739447
24.9345361956921,1,0,"Business",4.09564053406939
16.685036126241,1,1,"Casual",3.28183383098803
19.860724022306,0,0,"Business",2.18836358515546
21.3029357007378,0,1,"Business",0.688623209716752
18.0985162618569,1,0,"Power",0.105036433087662
22.1904353317099,0,0,"Business",3.54145598597825
12.3839794547864,0,1,"Casual",0.484288848238066
19.8177615825973,1,1,"Power",0.421015780884773
25.1190605417356,1,1,"Business",0.978265899466351
14.4194450497188,0,0,"Casual",4.92666932521388
19.5737209833146,0,0,"Power",3.32521362695843
15.677072816601,1,1,"Casual",4.94107118342072
13.2251152197395,0,0,"Casual",1.93942397367209
14.183025325825,0,1,"Casual",4.06966289156117
16.7372891207553,1,1,"Casual",1.34742955095135
17.3825625854772,1,1,"Casual",2.38746062503196
14.9279247500323,1,1,"Casual",0.995429487666115
14.617266521993,0,1,"Casual",3.73061880702153
20.6014397622256,0,1,"Power",2.80537436367013
14.4455095321499,0,1,"Casual",1.07915976899676
12.1607285867276,0,0,"Casual",0.986323195975274
15.81566867482,0,1,"Power",0.288474963745102
20.9759556707777,0,1,"Business",1.72672091051936
25.2069727138314,1,1,"Business",3.11025907401927
13.1134310214519,0,1,"Casual",0.86807313375175
10.8229387660639,0,1,"Casual",0.0294814258813858
15.6784311873656,1,0,"Casual",0.412649487843737
20.3610049181468,0,1,"Business",0.950032306136563
15.2807106920968,1,0,"Casual",4.1512890974991
20.5833542336276,0,0,"Business",1.98774285963736
12.2297634341978,1,0,"Casual",0.4691814747639
15.8073347169959,1,0,"Casual",4.44923422532156
22.1638444081713,1,1,"Power",2.64554267050698
17.6455925271214,1,1,"Casual",4.12938936846331
16.9586711110649,0,0,"Power",1.42477193032391
17.4115976679023,1,0,"Power",3.89089054428041
11.942656046056,0,0,"Casual",0.724625093862414
12.0417986653105,0,0,"Casual",1.13538441131823
16.9488265185754,1,1,"Casual",3.01151665626094
23.3145785094075,0,1,"Business",4.46153974160552
18.0670692749389,0,1,"Power",3.22737914160825
16.1446570999503,0,0,"Power",2.16324831126258
13.24849697895,0,1,"Casual",4.48502297513187
16.0656033237559,1,1,"Casual",4.72783980192617
23.1115022586034,0,1,"Business",3.13747303909622
16.8644541011284,0,1,"Power",0.415090138558298
17.0945367144691,1,1,"Casual",2.2246777266264
13.6446808063087,0,1,"Casual",1.80800397647545
19.5719185769435,0,0,"Business",4.97686121030711
15.3050868352103,1,0,"Casual",2.49674460617825
14.269602961929,1,0,"Casual",1.28877126495354
14.2365620141593,0,1,"Casual",3.6221963330172
18.3890501556007,1,0,"Power",0.789431168232113
12.3000051608578,0,1,"Casual",1.57728738617152
25.7396587614088,1,1,"Business",1.48142770281993
20.8462638922429,0,1,"Business",3.39736429858021
20.2291492414856,0,0,"Power",2.28020151145756
17.8151844370893,0,1,"Power",0.0969340384472162
18.3267922521765,1,1,"Casual",3.6294510262087
20.6163489464785,1,1,"Power",1.63533868268132
26.2592361580734,1,1,"Business",3.30619155196473
18.9419159972069,0,0,"Business",1.77531134919263
17.2364823015594,1,1,"Casual",2.28945050155744
15.0740853433519,0,1,"Casual",2.92492606211454
21.5113825034447,0,1,"Business",0.979216748382896
17.1195868257959,0,0,"Power",1.29477502545342
17.2844822099563,1,1,"Casual",4.35098974150605
15.8495487590964,1,1,"Casual",0.596341760829091
16.0646614863625,1,1,"Casual",4.10120196989737
22.89014618218,1,0,"Business",2.86092079360969
14.7445580354311,0,1,"Casual",1.17208180716261
17.5308587316613,0,1,"Power",2.8701022209134
24.405386432336,1,1,"Power",3.76944513758644
13.4775149195418,1,0,"Casual",0.514395084464923
25.4725206965861,1,1,"Business",3.36837854934856
21.2734012831843,0,0,"Business",0.565934469923377
22.5354099492821,1,1,"Power",4.26019859965891
15.6899231601081,0,1,"Casual",1.99475759174675
25.7719567137946,1,1,"Business",2.79735674965195
23.1405777750376,1,1,"Power",2.42746181669645
16.5740419232476,0,1,"Power",0.634604950901121
16.6833888665755,1,1,"Casual",4.1928049933631
15.7209092798418,1,1,"Casual",3.94433964043856
18.7111904507382,0,1,"Power",3.31760795088485
20.6505474318693,0,0,"Business",1.16543768090196
18.6130040628845,1,0,"Power",4.7687728330493
18.1650421507634,0,1,"Power",3.50487935938872
12.8444171708547,0,0,"Casual",2.92504208628088
22.3780671468001,1,1,"Power",4.76441729697399
13.3878762593617,0,1,"Casual",4.55924304784276
24.4465134376065,1,1,"Business",0.389872931409627
15.433951031178,1,1,"Casual",0.337772880448028
18.7334856256106,0,1,"Power",4.70422750222497
19.3603585463236,0,1,"Business",0.836429460905492
12.9462874320391,0,1,"Casual",4.55998951219954
20.9315321985581,0,1,"Business",0.841587986797094
17.9844133474058,0,1,"Power",1.49253955227323
17.4803061990362,0,1,"Power",0.192637867294252
15.6695080156849,1,1,"Casual",2.00400804984383
20.6467794820253,1,0,"Power",3.06409581797197
17.4840242423129,0,1,"Power",1.23202291200869
21.1896749459379,1,1,"Power",0.115140536800027
17.1634870748972,1,1,"Casual",1.42107088584453
16.6478381530578,1,1,"Casual",4.06446341774426
21.5047981963246,1,1,"Power",3.59459192608483
13.4219828676608,0,0,"Casual",2.6478837186005
17.281499515048,0,1,"Power",0.921686219517142
14.249316059262,0,1,"Casual",3.35811064345762
17.2278582555598,1,1,"Casual",2.12262660148554
21.9056564375818,0,0,"Business",2.80832712887786
16.882587453861,0,0,"Power",2.21394190448336
25.7719697648998,1,1,"Power",4.66534080565907
19.3118152221002,0,1,"Power",2.30766444001347
14.7863093160532,1,0,"Casual",3.14491738448851
14.121334464733,0,1,"Casual",2.85995760816149
23.3731859533041,1,1,"Power",3.4204713057261
23.3872402845672,1,0,"Business",4.72409840091132
14.5544725356559,0,1,"Power",0.16894569969736
20.3961564352512,1,0,"Business",1.62937616114505
15.1005959787873,1,0,"Casual",4.02333440841176
17.1288582976654,1,1,"Casual",1.06670793145895
19.9443937897556,1,0,"Power",1.97296527447179
15.2522299206876,0,1,"Casual",3.92951279762201
15.1188507250237,1,1,"Casual",0.109634078107774
18.7423685322621,0,0,"Power",3.24101286008954
20.9504794865485,0,1,"Power",2.87492785486393
16.7307471754665,1,1,"Casual",2.96600702684373
18.5012457596437,0,1,"Power",2.9643169650808
18.1982674557163,1,1,"Casual",3.61367926117964
18.0324161448405,1,1,"Casual",3.76117944251746
18.0558942161065,1,1,"Power",0.394926267908886
18.3418502971262,1,1,"Casual",3.64576182910241
12.7740932853966,0,1,"Casual",4.28088040556759
14.092171535241,1,0,"Casual",3.56149868224747
16.0599190260612,0,1,"Casual",3.37528012692928
23.2738148081563,1,1,"Power",4.88239361671731
21.8868552706722,1,1,"Power",4.14638617890887
20.4094207471554,0,1,"Power",4.73640723386779
16.1516297935161,1,1,"Casual",1.37373633799143
20.2977564522928,0,1,"Power",2.87064109696075
13.6960973205791,1,0,"Casual",0.163709799526259
14.2916890923922,0,0,"Casual",2.21881221164949
18.1551001084666,1,1,"Casual",1.56991886673495
17.6000951048257,0,1,"Power",1.13795661949553
17.0266071795586,0,1,"Power",0.911219493718818
18.8799766003998,1,1,"Casual",4.16456575971097
17.4925664060116,0,0,"Power",4.93442047270946
10.9446171399821,0,0,"Casual",0.948464663233608
17.5062012852007,0,1,"Power",1.69816199690104
15.3175266401819,0,1,"Casual",2.30476716649719
26.1149414956044,1,1,"Business",2.07310496363789
23.5717969087366,0,1,"Business",4.2299022746738
13.4446217184374,0,1,"Casual",4.28052076371387
17.746076906525,1,1,"Casual",2.25793626857921
12.2143218491943,0,0,"Casual",3.66242581862025
21.4189082447996,0,0,"Business",3.37983249919489
18.4356115781285,0,1,"Power",3.74773774994537
22.0803164954955,0,1,"Business",4.79611914837733
24.9833448869935,1,1,"Business",4.97888555168174
15.0409371813006,0,1,"Casual",4.90176971070468
14.5745039459652,0,1,"Casual",2.82983268960379
17.4630974350833,0,0,"Power",4.58000277285464
15.3956157178502,1,1,"Casual",4.85810685204342
13.2200088496501,0,1,"Casual",4.8171383573208
17.2140557850035,1,1,"Casual",3.00071722944267
14.820207356601,1,0,"Casual",0.980289190774783
12.1409760863647,0,1,"Casual",0.361397652886808
19.2423343877889,1,0,"Power",2.03822383540682
15.356307560063,0,0,"Power",0.064826684538275
19.6867167661345,1,0,"Power",4.94657469680533
18.1200393656733,1,1,"Casual",3.7102583469823
13.8937146033322,0,1,"Casual",4.02158356970176
25.084137763538,1,1,"Business",0.794184169499204
26.9713994137702,1,1,"Business",4.08935208572075
21.4942922243814,1,1,"Power",2.58369821356609
20.9382777401258,1,0,"Power",4.47522424976341
21.4312003670919,1,1,"Power",4.81109735323116
23.4820605253056,1,0,"Business",3.82709597703069
22.32712040371,0,0,"Business",3.17886477336287
15.2107653873213,1,0,"Casual",4.76710598450154
19.7383671675775,1,0,"Power",1.93509426433593
16.6214693474694,1,1,"Casual",1.24527125619352
25.0165921035254,1,1,"Business",0.135705843567848
23.0242762110226,0,1,"Business",1.75674227066338
18.7910586520194,1,0,"Power",1.05833704699762
21.5805262060576,1,1,"Power",1.57074505113997
15.0677633064126,0,1,"Casual",1.41218359582126
13.3825733199335,0,1,"Casual",1.47082182229497
18.680125082242,0,0,"Power",3.76538683776744
23.6896795379781,1,1,"Power",2.10444833734073
22.2173864637304,1,1,"Power",3.42807239387184
13.2948605006001,0,1,"Casual",4.75106949568726
17.7565872260377,0,0,"Power",2.52785206306726
21.2974110576171,1,1,"Power",0.947786259930581
11.8488733269659,0,1,"Casual",2.85759691148996
25.4148225197106,1,1,"Business",3.36696749436669
15.4523589105221,1,0,"Casual",1.93313098163344
17.4699562346204,1,1,"Casual",4.83353846822865
18.5046925669719,0,0,"Power",2.56028541945852
15.7717621379439,1,0,"Power",0.184415115509182
14.5232111311735,0,1,"Casual",3.03531847777776
19.0499752599759,0,1,"Power",4.08301822375506
14.3533373248403,0,1,"Casual",3.3667065622285
13.2742603277048,0,1,"Casual",0.782605811255053
21.1085281177038,1,0,"Power",4.83098634518683
13.5846420796627,0,1,"Casual",4.62000912986696
10.6003733306958,0,0,"Casual",0.665319887921214
12.9740284409428,0,0,"Casual",3.94315312267281
23.0881378562318,1,1,"Power",4.64933918090537
17.7112638292825,1,1,"Casual",3.22559448424727
22.3648458270577,1,1,"Power",3.74526469968259
20.9564355838029,0,0,"Business",2.29334712144919
12.9372546147557,0,1,"Casual",0.305667058564723
9.40508689969834,0,0,"Casual",0.167055283673108
20.4520914159367,0,0,"Business",1.9543596287258
15.0604521912451,1,1,"Casual",0.940929957432672
16.3594179668369,1,0,"Casual",1.32281132624485
13.2313682367992,1,0,"Casual",1.00316670374013
24.9293880823881,1,1,"Business",0.877049326663837
13.9759561085937,0,1,"Casual",4.48122147587128
14.9161540763447,1,1,"Casual",0.310190942836925
18.48198990376,0,1,"Power",2.05566044314764
11.5789268666271,0,0,"Casual",1.55308529385366
18.7573453529442,1,1,"Casual",2.15355322463438
15.1174955849837,1,0,"Casual",1.65825283504091
11.9877977354589,0,0,"Casual",1.1911644123029
16.0922418319183,1,1,"Casual",1.8657069595065
13.6146799645081,0,1,"Casual",2.45348618132994
15.6466599817295,1,1,"Casual",0.0982305349316448
19.2940733891694,1,0,"Business",0.147559436736628
17.2613484249508,1,1,"Casual",3.35287694819272
26.4295565724061,1,1,"Business",4.12274227361195
18.131055525909,1,1,"Casual",3.86136183165945
13.6581260821163,0,1,"Casual",3.83383001084439
24.3806935129728,1,1,"Power",3.92565908958204
11.6696073287574,0,0,"Casual",4.58893288392574
19.1534077074604,1,1,"Casual",3.89784810366109
20.6933505353623,1,0,"Power",2.10294638178311
15.6787217371161,1,1,"Casual",2.89728842792101
18.0247267547516,1,1,"Casual",3.98849657271057
13.6182356563403,0,0,"Casual",4.64497708249837
22.7451532948993,1,1,"Business",0.566566637717187
13.6213798678478,1,0,"Casual",0.951956139178947
17.6279137541902,0,1,"Power",3.85583258117549
12.1015627142736,1,0,"Casual",0.549928004620597
19.4580416234452,0,1,"Power",3.13284698873758
15.5956412705294,1,0,"Casual",3.16128664067946
14.9598162638626,1,0,"Casual",4.33309306157753
18.5588023647822,0,1,"Power",3.3516490936745
14.6840695183825,0,1,"Casual",4.23348137759604
22.7155033845181,1,1,"Power",1.13838875666261
15.0982751950014,1,1,"Casual",0.666111116297543
18.2164092196147,0,0,"Power",2.57300232653506
13.8003269487863,0,1,"Casual",3.41354336938821
13.2404962383918,0,0,"Casual",3.13384807435796
17.2944581256064,1,1,"Casual",4.86045567551628
15.228553343058,1,0,"Casual",3.23953522369266
21.4294397708231,1,1,"Power",1.46326774382032
17.208803805641,1,1,"Casual",4.04818105744198
14.2788071171857,0,1,"Casual",3.87668832321651
17.4453264478982,1,1,"Casual",4.12345078890212
17.1985902900448,1,1,"Casual",2.78471563244238
14.9526748798824,1,1,"Casual",0.0378714420367032
13.4324462741051,0,0,"Casual",2.32567065861076
17.3669835574652,1,1,"Casual",4.79002675041556
13.1601290111646,0,1,"Casual",3.82365431985818
19.7351765827167,0,1,"Power",3.37902979226783
15.5432625126635,1,0,"Casual",4.18163948459551
12.9531945752696,0,1,"Casual",1.42108331550844
25.4357264163999,1,1,"Business",1.55266024987213
13.4577300377484,0,1,"Casual",0.662528505781665
14.6236116754328,0,1,"Casual",2.97966625308618
21.9282971164481,0,0,"Business",4.08642161986791
19.5304998135235,0,0,"Power",3.8668967585545
19.4813410803291,1,1,"Casual",3.14290235866793
19.5012443478213,0,1,"Business",0.533714804332703
13.6466043818188,0,1,"Casual",4.297515952494
16.993738212701,1,1,"Casual",4.63803806225769
21.1616197558384,1,0,"Power",2.37976081320085
24.6277045461864,1,1,"Business",0.892468221718445
18.2728778853169,1,1,"Casual",2.01900885440409
21.9275925013614,0,1,"Business",4.86865375190973
24.7728639921572,1,1,"Business",4.9375031888485
20.7463173174565,0,1,"Business",2.67286777030677
8.50083538584241,0,0,"Casual",0.104377667885274
23.7341003477946,1,1,"Power",1.40940144192427
14.3356966438726,0,1,"Casual",3.26034881640226
25.8797212848597,1,1,"Business",4.63951600948349
18.5256964563956,1,1,"Casual",3.2490607094951
15.6639024435832,0,1,"Casual",2.7121727890335
18.9667393375475,0,0,"Power",3.34779467782937
12.7342718055913,0,0,"Casual",4.77720759459771
26.5610488459639,1,1,"Business",3.55812956346199
19.8796716308571,1,0,"Power",1.69935547281057
16.6352253227917,1,1,"Casual",1.95558990701102
22.7889173568505,1,1,"Power",1.50493886205368
22.6620152037045,1,1,"Power",4.39125500619411
20.818904199671,0,0,"Business",2.06878699478693
14.1494666349448,0,0,"Power",0.0352920545265079
24.413928932531,1,1,"Business",0.407893451629207
20.3810578849742,0,1,"Business",1.05123244575225
22.7339538009542,1,1,"Power",3.35301997023635
17.9616203516313,0,0,"Power",2.26290208171122
14.8491039934393,1,0,"Casual",2.1399621211458
18.3112058002787,1,1,"Casual",2.82412954373285
23.8504660510469,1,1,"Business",0.232370514422655
18.3693674324298,1,1,"Casual",3.28902422450483
11.8518431226856,0,0,"Casual",3.51866252138279
10.8850588741024,0,0,"Casual",3.69349556975067
14.874170286885,1,0,"Casual",2.77313792495988
16.4434574523283,0,1,"Power",0.328555251471698
22.6176898200918,1,1,"Power",2.8622333065141
11.7398653277374,0,0,"Casual",2.51530050649308
13.3177584792718,0,1,"Casual",2.27469331002794
17.5059224036553,0,1,"Power",3.49959578714333
20.4709941851726,0,0,"Power",2.04063413315453
14.4444457973819,0,1,"Casual",4.53817884786986
16.4070888177419,1,1,"Casual",1.15764143061824
12.1065066739373,0,1,"Casual",2.27395113673992
14.9505239830764,1,0,"Casual",3.95522823091596
19.5722996051964,0,1,"Power",4.72553152125329
18.5190864952867,1,1,"Casual",3.88843205757439
13.2098202756684,0,0,"Casual",1.94576341775246
24.4742759853296,1,0,"Business",4.28045092732646
15.7612208019582,1,1,"Casual",2.40050890133716
14.7029565325149,1,1,"Casual",0.733381372410804
25.7345626285216,1,1,"Business",2.81821899814531
13.5563310330081,1,0,"Casual",0.799360155360773
17.8344730385405,0,1,"Power",1.53849961352535
21.4170005290906,1,0,"Power",3.95025831647217
12.2211581169197,0,1,"Casual",3.81492599495687
21.0916635365966,0,1,"Business",4.20388666680083
22.4361183496646,1,0,"Business",0.445927805267274
22.8366936959773,1,1,"Power",1.61190982209519
11.6016278205062,0,0,"Casual",2.48874279903248
18.4254332854762,0,1,"Power",0.930953732458875
12.659591060117,0,0,"Casual",1.47205731831491
24.487557203038,1,1,"Business",3.11081395600922
17.1410178589309,1,1,"Casual",1.46082020131871
17.8939989214772,0,1,"Power",0.545066833728924
17.0120085081534,0,0,"Power",4.37612738343887
18.3480484402262,1,1,"Casual",3.46187406219542
11.8353774208651,0,0,"Casual",4.26825305214152
14.244192155883,0,1,"Casual",4.76961098960601
12.7693481537756,0,1,"Casual",4.72490733256564
15.8212054439755,0,1,"Power",0.0999747053720057
18.7420157246798,1,0,"Power",1.97984127677046
22.318194410901,1,1,"Power",1.32268975488842
14.0116079624512,0,1,"Casual",2.56461889250204
14.7645763356992,0,1,"Casual",3.80697312182747
12.1938025278486,0,1,"Casual",0.301904893713072
25.2967739069053,1,1,"Business",4.6650218416471
13.4849579546061,0,1,"Casual",1.74470812198706
23.2461070215042,1,0,"Business",2.05898946733214
17.7718472969838,1,1,"Casual",4.80573238804936
18.1785628005302,0,0,"Power",2.6553645695094
22.4443960960204,1,1,"Power",1.69255971559323
15.1243887960082,0,1,"Casual",3.15377366961911
11.7861283090336,0,0,"Casual",0.608693829271942
18.7434755290362,1,1,"Casual",4.48734333738685
20.7734632412593,1,1,"Power",2.58354311110452
15.5253049199416,1,0,"Casual",4.04732620925643
19.101489220085,0,1,"Power",4.46853782283142
16.4487286249188,1,1,"Casual",1.89787408453412
18.7953332357591,0,1,"Business",0.286430504638702
14.0851116261643,0,1,"Casual",1.7286605911795
21.9438429622205,1,1,"Power",1.99908563867211
17.5459068975789,1,1,"Casual",3.03244609734975
19.8391986713487,0,1,"Power",3.40023555094376
25.3914333436747,1,1,"Business",1.03470678674057
21.6824551825017,1,0,"Power",4.88004561979324
11.0397882825563,0,0,"Casual",0.137809696607292
14.1497518859398,0,0,"Casual",1.34538682759739
23.109615277821,1,1,"Power",1.51185136870481
15.1241253949124,1,0,"Casual",4.67835896415636
13.5600354973302,0,0,"Casual",3.03128194645979
23.9269702158826,1,1,"Power",1.6627272660844
19.2345282523491,1,0,"Power",2.79830930405296
20.9054959123463,1,1,"Power",0.756331288721412
22.1972875932961,0,1,"Business",2.28703886969015
8.8197379704974,0,0,"Casual",0.641635665670037
22.73568896951,1,1,"Business",0.307952661532909
15.195449607284,1,0,"Casual",2.06254005781375
15.3963351045175,0,0,"Power",2.73317454848439
17.9699195254022,1,1,"Casual",2.4552928796038
25.5192824363454,1,1,"Business",3.0247514648363
14.1309596684941,0,1,"Casual",1.86692397110164
17.8202357146993,1,1,"Casual",4.89406900247559
23.9950036914012,1,1,"Power",4.26825708826073
17.8938868031262,1,1,"Power",0.0398775120265782
21.3122693892385,0,0,"Business",2.8758282866329
17.7273512017548,1,0,"Power",0.768807190470397
14.0364295290649,0,1,"Casual",2.28929781238548
14.1940668823333,0,1,"Casual",3.14964088262059
11.9975091172477,0,1,"Casual",1.3670128013473
17.1685474312957,0,0,"Business",0.52978408173658
15.0238887120601,1,0,"Casual",0.487424957100302
17.3414938728948,0,1,"Power",4.82490272726864
19.5206927980132,0,1,"Business",0.125186345539987
21.3277725588113,1,1,"Power",4.48325737612322
16.7904350369411,1,0,"Casual",2.92248542420566
20.5659062389879,0,1,"Business",3.31265204702504
17.2609078482963,0,0,"Power",2.55053235567175
15.2945425440445,1,1,"Casual",1.23592270538211
18.9252671498858,0,1,"Power",4.56938558374532
18.7757310817003,0,1,"Power",2.86149543710053
17.6979910758332,1,0,"Casual",3.0725510744378
14.1990605180563,0,1,"Casual",2.67534476122819
14.5558124678382,0,0,"Casual",3.93668845528737
21.0821733624994,1,0,"Power",3.82312458124943
15.8495415004517,1,0,"Casual",2.5817331217695
25.3612051087631,1,1,"Business",1.51857056422159
21.5195791618941,1,1,"Power",1.03293045656756
13.2424401624027,0,1,"Casual",2.21149368095212
17.469449825028,1,1,"Casual",3.06977206142619
19.8006594333776,0,1,"Power",3.25909424806014
12.8489957264252,1,0,"Casual",3.16495785140432
23.955414251357,1,1,"Business",3.60705943428911
17.3271040861172,0,1,"Power",1.03426009300165
12.8819387765065,1,0,"Casual",1.93648331798613
13.2088490441433,0,0,"Casual",2.44266132125631
25.3490931307125,1,1,"Business",1.54983594547957
13.4942666148959,0,0,"Casual",4.8864601564128
15.2652597477736,0,1,"Casual",4.11154405563138
17.7352097335214,0,1,"Power",0.64696401823312
18.5930701388311,0,0,"Power",2.35645729699172
14.0550118071616,0,1,"Casual",4.64756838511676
15.8302425259983,1,1,"Casual",0.727425845107064
22.0318710747074,1,0,"Business",2.05092539079487
17.4983077485106,1,1,"Casual",0.410630299011245
21.5172790863062,1,1,"Power",4.65435581398197
14.858069421628,0,0,"Casual",4.09171855659224
17.6361190573791,0,0,"Power",0.997996752848849
17.3566223139059,1,0,"Casual",3.13328352523968
22.7854314953661,0,1,"Business",2.36805578344502
17.40533859354,1,1,"Casual",3.16853649681434
13.0087524805782,0,0,"Casual",3.11094219214283
13.6020968357378,1,0,"Casual",4.44472888717428
23.5355908077136,1,1,"Power",2.27588855777867
14.9378297716781,1,0,"Casual",4.54676014604047
17.7295764388482,1,1,"Casual",3.72484126943164
18.3473684412491,0,0,"Power",3.79051295807585
13.2927792433738,0,1,"Casual",2.1686975879129
9.91759127537175,0,0,"Casual",0.175101446220651
13.747098240879,0,0,"Casual",4.43322135717608
19.842689423296,0,1,"Power",1.69875780586153
22.8181170306786,1,1,"Power",2.83829929772764
15.1106672134465,1,1,"Casual",0.187932205153629
14.5062553442881,0,1,"Casual",3.77831538324244
22.6990484177316,1,1,"Power",4.37105650664307
16.8329362668837,0,1,"Power",0.589503176743165
22.0818266867917,1,1,"Power",1.2328231066931
17.7689933913627,0,0,"Power",1.27572003984824
14.7867051796076,1,1,"Casual",0.0411568710114807
19.5991707554268,0,1,"Power",4.31017511175014
18.274512720428,0,1,"Power",2.05538014881313
13.5202204635637,0,0,"Casual",3.47274430096149
25.5484835083543,1,1,"Business",1.59532964462414
13.8607407536242,0,1,"Casual",2.22973774303682
19.0603787201162,0,1,"Power",4.0377922123298
13.5376268251586,0,1,"Casual",2.28343705064617
17.6022824544593,1,1,"Casual",1.69579591252841
15.5004993790325,1,0,"Casual",3.87422776548192
27.788058081947,1,1,"Business",4.87974795280024
19.7103296072633,1,0,"Power",2.05726030981168
18.444054167068,0,0,"Power",3.38666337775066
24.6829905638288,1,1,"Business",2.64937406987883
21.5494813466156,1,1,"Power",0.642774662701413
19.6729828095631,1,1,"Power",0.24943268392235
22.9948097320131,1,1,"Business",0.186012465273961
14.6246328197247,0,1,"Casual",4.80984598514624
23.0929718285369,0,1,"Business",1.73536771559156
25.4926649078108,1,1,"Business",3.890761527
11.4916149415374,0,0,"Casual",1.10838787280954
25.9131632793461,1,1,"Business",3.98688379442319
20.7997603083286,1,0,"Power",1.7597743391525
19.8941296721548,1,1,"Power",0.141801544232294
14.5216089109059,0,1,"Casual",3.22092609945685
15.8903178612913,1,0,"Casual",2.45843985117972
17.3695569196346,1,1,"Casual",1.33032134850509
18.1260204875816,1,1,"Casual",1.7064704245422
9.70035161311363,0,1,"Casual",0.344367837533355
14.1077202632366,1,1,"Casual",0.421755156712607
12.5619190561985,0,1,"Casual",4.73658645758405
19.6355360376667,0,1,"Power",3.83259411202744
16.3359064619379,0,0,"Power",4.79465217911638
13.7258597974115,0,1,"Casual",4.45711454609409
13.9636886999655,0,1,"Casual",4.95906516676769
24.2104683029662,1,0,"Business",1.45027439459227
20.9926911477655,0,0,"Business",3.90959379961714
17.315814494553,1,1,"Casual",2.0468027703464
18.9387765161888,0,1,"Power",1.88396120094694
13.1079543254217,0,1,"Casual",4.78251033229753
11.9392121928508,1,0,"Casual",2.52801205846481
12.9878194027081,0,1,"Casual",0.247455607168376
10.8501423637039,0,0,"Casual",0.662750396877527
13.5337767514863,0,1,"Casual",3.85814271634445
25.9477213507438,1,1,"Business",4.09386194311082
14.0854835564406,1,0,"Casual",1.88376210862771
13.3392967788754,1,0,"Casual",0.216602160362527
18.5403462641584,0,1,"Power",2.2704968706239
11.7454400344323,0,0,"Casual",0.479298398131505
11.923323640061,0,0,"Casual",1.35304138879292
21.8184562267165,1,0,"Business",4.67062615556642
18.2796412196373,1,1,"Casual",4.31806354550645
20.9459200698556,0,1,"Power",4.99567795079201
19.6794354246974,1,1,"Power",0.649179054889828
17.2821052728179,1,1,"Casual",2.72645081859082
16.4586143402954,1,1,"Casual",4.16064113727771
23.242459367012,0,1,"Business",4.84204355045222
12.9784885068804,0,0,"Casual",4.60103406454436
19.0582367233774,1,0,"Business",0.785132690798491
17.7875390159466,1,1,"Power",0.251656625187024
21.0665706817988,1,0,"Power",4.16184186469764
15.9715386131703,1,1,"Casual",0.649457481922582
10.7424533515288,0,0,"Casual",1.91799675580114
21.6054631365534,1,1,"Power",3.61461253254674
11.9544769758506,0,1,"Casual",0.290745566599071
13.5239668109094,1,0,"Casual",0.84729021997191
20.3597078952418,1,1,"Power",1.91034981864505
13.7499073628883,0,1,"Casual",1.22308152494952
14.4399445747985,1,0,"Casual",2.08472826634534
23.2174550163296,1,1,"Power",1.64016211405396
16.10771304784,1,1,"Casual",0.640150851104409
14.8347104350111,0,1,"Casual",1.82620540144853
15.8321487820527,1,1,"Casual",2.98116651596501
23.0157424670491,0,1,"Business",3.79594812984578
18.7626355720564,1,1,"Casual",2.69557290710509
13.6966936631604,0,1,"Casual",1.36626211344264
24.1737404522848,1,1,"Business",4.67994463746436
22.6567251943356,1,1,"Power",2.67799139372073
19.1041719223721,0,0,"Business",4.35335370711982
14.6821552369725,1,0,"Casual",3.8479459984228
14.5771472493674,1,0,"Casual",3.49652494187467
11.9339352542158,0,1,"Casual",0.308669696096331
15.4249858170357,0,0,"Casual",3.8242461590562
16.8378040334244,1,1,"Casual",1.2260636605788
15.1552873288619,1,1,"Casual",0.588530959794298
19.1134027709327,0,0,"Power",4.02524272794835
22.85021274469,1,1,"Power",4.91435323725455
14.8454282379717,1,0,"Casual",1.76632637390867
14.6515408918512,1,1,"Casual",0.432428643107414
12.6390974853992,1,0,"Casual",0.0281051429919899
21.6375281203573,0,0,"Business",2.19830311252736
12.9602050884886,0,1,"Casual",0.977494540857151
20.4781095917639,0,0,"Business",0.290145361796021
24.5202213793704,0,1,"Business",3.96378740901127
13.4032610952325,1,0,"Casual",1.56238540424965
17.9089406403545,0,0,"Power",1.67419690988027
15.8389335930234,1,1,"Casual",4.92708317469805
12.0023227338567,0,0,"Casual",1.71436117379926
17.39308181743,1,1,"Casual",3.47139801480807
22.3140993098746,1,1,"Power",2.21025893464684
16.4039601432289,1,0,"Casual",1.81949223624542
14.4320316814388,1,0,"Casual",3.82036595139652
18.7585917965675,0,0,"Power",3.87852226966061
17.6753539490363,1,1,"Casual",1.55840567196719
13.3376147913924,0,1,"Casual",1.30213167285547
23.391262024682,1,1,"Power",3.41474003274925
22.1576946909602,1,1,"Power",3.62327662296593
14.8561434319866,1,0,"Casual",3.58364836778492
19.2590318798913,1,0,"Power",2.18759466079064
18.1707293067413,0,1,"Business",0.770674103405327
21.6162072319879,1,0,"Business",0.538628103677183
14.6433053078433,1,0,"Casual",2.37666142405942
12.6352480824337,0,0,"Casual",4.6521477214992
25.4635928292592,1,1,"Business",1.47591606946662
17.5423638358757,1,1,"Casual",2.26741743041202
14.2216938548286,0,1,"Casual",3.30822121002711
22.331266969139,1,0,"Business",2.07779229152948
21.7408660203171,1,1,"Power",0.328709359746426
18.0977314743111,1,0,"Power",0.519609553739429
22.4002709522826,1,1,"Power",4.69059292343445
14.7562545391368,0,1,"Casual",4.69586106948555
22.7655203517317,1,1,"Power",4.5542582962662
12.4086645378866,1,0,"Casual",0.72280581574887
17.2911280208608,0,1,"Power",0.99827277706936
25.0560394265774,1,1,"Business",3.30961645697244
11.3569129389847,0,1,"Casual",1.25734492088668
14.9505849104301,1,0,"Casual",4.18140145717189
13.1641393506342,0,1,"Casual",0.909051850903779
17.221814026917,0,0,"Power",4.73970000632107
23.4083245614266,1,0,"Business",2.22848472301848
13.8006300480515,0,0,"Casual",4.31364646414295
21.256485361519,0,1,"Business",1.54086100752465
13.5132834939865,0,1,"Casual",4.40637333202176
17.0199009370461,1,1,"Casual",2.7242070029024
23.0474590971787,1,0,"Business",3.18610108690336
21.8611010406573,1,0,"Business",0.151907006511465
12.9276421101736,0,0,"Casual",2.04649634193629
19.790524300871,1,0,"Power",2.81493499409407
15.3033492823546,1,1,"Casual",0.700498803053051
17.7133284210645,1,1,"Casual",2.5310417660512
15.3873151700561,1,0,"Casual",2.82549092895351
16.8704929971109,0,0,"Power",0.273661926621571
17.3964111062895,1,1,"Casual",3.54594216798432
15.2850882030064,0,1,"Casual",3.04357818327844
15.7109048942557,0,0,"Power",0.756870619952679
18.3959299458429,0,0,"Power",2.60955950012431
13.8673671259518,0,1,"Casual",3.96656241849996
18.3406137248644,1,1,"Casual",2.04411567305215
19.8076694447556,0,1,"Power",1.57930968445726
15.6469716420219,0,1,"Casual",2.47363809263334
23.515502161893,1,1,"Power",3.24465002049692
21.8258629089052,0,1,"Business",3.24931234237738
14.0064836036877,0,1,"Casual",2.5115129200276
26.1274298028252,1,1,"Business",3.17800276447088
15.0535789504246,1,1,"Casual",1.81413701502606
15.9187868375631,1,0,"Casual",1.66505721863359
16.3304584488235,1,0,"Power",0.206089852144942
14.548570833881,1,0,"Casual",4.37482361565344
14.5004936861287,0,0,"Casual",2.59282504674047
25.9967564499053,1,1,"Business",2.42714505060576
16.1539570209404,1,1,"Casual",0.655204125214368
22.21839539955,1,0,"Business",2.22994566429406
20.2167362834674,1,0,"Business",1.08618292608298
14.3477045508868,1,0,"Casual",4.13786519900896
14.6973488206339,0,1,"Casual",4.01155419298448
14.8267232341864,0,1,"Casual",4.19705661013722
25.2264336589869,1,1,"Business",4.80558202718385
24.0850617699351,1,1,"Business",1.20877281646244
19.5777480352334,0,1,"Power",4.00561830145307
16.7918632736249,0,1,"Power",0.804142351262271
18.7971441922659,0,1,"Power",1.46466504898854
17.8679888348982,1,0,"Power",1.2010642432142
16.1621535483117,0,1,"Casual",3.00371039425954
15.3857169148063,1,0,"Power",0.599211112130433
14.7332676432957,0,0,"Casual",3.08836050215177
19.7085786781653,1,0,"Business",0.187200703658164
14.5730660028176,0,0,"Casual",3.12879826757126
11.8580493834767,0,0,"Casual",3.10975249274634
14.7532174591112,1,0,"Casual",2.42159324348904
22.1666380643009,0,1,"Business",2.21155935199931
11.1324582814086,0,1,"Casual",0.630633579567075
14.7585068185672,1,0,"Casual",3.6987092520576
18.3126827825304,1,1,"Casual",3.56216242304072
19.671835787701,0,1,"Power",2.49669004930183
15.9637346534776,0,0,"Power",1.38238820713013
13.3262553711777,0,1,"Casual",3.29394984291866
12.2901188152658,0,1,"Casual",0.594488248461857
18.7962589593057,0,0,"Power",1.54963347595185
23.5646561682417,1,1,"Power",3.10408411198296
17.9526283594069,0,0,"Business",0.842502212617546
21.735780563962,1,1,"Power",2.21160545479506
12.395782283643,0,1,"Casual",3.90877234051004
14.3014302745784,0,1,"Casual",1.68378902948461
21.3714638151546,0,1,"Business",3.88353744288906
12.0783627038792,0,1,"Casual",0.598310898058116
21.0110801188362,1,0,"Business",0.207422920502722
13.2880375509495,0,1,"Casual",1.58954040380195
22.3300698499191,1,0,"Business",4.04918345855549
13.2598223163666,0,0,"Casual",4.12632291321643
13.5386210065292,1,1,"Casual",0.190417928388342
28.0330493840966,1,1,"Business",4.09653322189115
20.0811230836652,1,1,"Power",2.4088986730203
20.0835771978627,0,1,"Power",1.13224853295833
17.6357791901589,1,1,"Casual",1.73234294168651
15.191696458489,1,1,"Casual",0.714242118410766
22.2530233452775,0,1,"Business",2.245261115022
16.7185257236757,0,1,"Power",0.408429680392146
19.7951894978715,1,1,"Casual",4.31756311212666
15.4224608219208,0,0,"Casual",2.70390307880007
17.7316279934842,0,1,"Power",0.523499201517552
17.6961421265143,0,0,"Power",4.418075181311
17.9327546576633,0,0,"Power",1.97659217868932
15.3479425099934,0,0,"Power",0.622684741392732
16.5690648636893,0,0,"Power",4.97332327882759
17.0238036756867,1,1,"Casual",4.63100887020119
16.6911107577057,1,1,"Casual",0.348314500879496
21.5313361862968,0,1,"Business",4.37206847826019
21.9020756467476,1,1,"Power",1.32732404861599
24.6127109898785,1,0,"Business",3.12197108985856
19.5060682239033,0,1,"Power",2.41813605767675
14.7076910741522,0,1,"Casual",2.6182400691323
25.1221795381401,1,1,"Business",2.89620706229471
15.1725373803755,1,0,"Casual",4.30367950117216
20.8210760231413,1,1,"Power",1.48455512826331
12.5155051337892,0,1,"Casual",1.4516375225503
20.6192591290065,0,1,"Business",1.97553579579107
24.4269287233674,1,1,"Business",1.54112511780113
14.3854762902156,0,1,"Casual",4.30425184546039
25.3026711988666,1,1,"Business",2.13610936887562
12.9315981228779,0,1,"Casual",2.14141839300282
12.8534106948984,0,1,"Casual",2.03371029463597
17.9585174794906,0,1,"Power",2.99653800786473
20.6813229664367,1,0,"Power",2.86389122135006
23.1036892734711,1,1,"Power",3.22069098358043
16.7076120234408,0,0,"Power",4.17348879389465
13.6508405428506,1,0,"Casual",3.29004294588231
25.6495259506149,1,1,"Business",2.71764599718153
22.869343920339,1,0,"Business",3.44409409211949
14.2502832311324,0,0,"Power",0.237150522880256
18.7163430329044,1,1,"Casual",2.60892203543335
25.6282830016682,1,1,"Business",4.01364041958004
12.9434237566832,0,1,"Casual",1.196316878777
19.2547900941314,0,1,"Power",4.85440692631528
19.4832507161447,0,1,"Power",2.38383243442513
19.2350546516563,1,1,"Power",0.0316550710704178
15.3313790135202,0,0,"Power",0.838339667534456
26.5156400008254,1,1,"Business",4.62427825550549
23.9968440135644,1,1,"Business",2.68602218595333
16.7080795016505,1,0,"Casual",3.45853817998432
13.105080409441,0,1,"Casual",1.81978607084602
24.3494962002973,0,1,"Business",3.77794524189085
14.7858557085196,1,0,"Casual",2.26450668415055
21.1915477571824,1,1,"Power",1.42688061459921
12.2613957183847,0,1,"Casual",0.679320973576978
22.455996739673,0,0,"Business",4.13828514283523
23.4436046134346,1,1,"Business",1.94279564777389
19.9046580856984,1,0,"Power",3.96759524825029
16.5310572591297,0,0,"Power",0.689575106371194
23.2878583991418,1,0,"Business",2.53074221429415
21.6611263579104,0,1,"Business",1.71247090096585
17.2460359634687,1,1,"Casual",4.27135522593744
18.1841920863803,0,1,"Power",3.50435499916784
21.1310587918428,0,0,"Power",3.79374630865641
12.8434230321418,0,1,"Casual",2.97498826519586
23.5373409879368,1,1,"Power",2.3676964698825
18.0593482585641,0,1,"Power",4.07751912483945
19.8516047036684,0,1,"Business",4.60197561653331
15.4808894481693,1,0,"Casual",3.4360689506866
20.4262960785679,0,0,"Power",3.56431202613749
19.8507442793684,0,1,"Power",2.72292438079603
18.2369859957472,1,0,"Power",2.09680351777934
21.4470833672752,0,1,"Business",4.20468143071048
11.8717139917881,1,0,"Casual",0.327055969974026
16.3361814480766,1,1,"Casual",4.41656921058893
18.8357955310322,1,1,"Casual",3.6228794103954
13.2375009149542,0,0,"Casual",0.404241983778775
10.4756057750463,0,1,"Casual",0.502308080904186
13.9931409545126,0,0,"Casual",4.06921562505886
20.0450084196261,1,0,"Business",0.611889525316656
14.3283891924043,0,0,"Casual",3.90851699514315
13.93478769133,1,0,"Casual",1.01015890715644
20.8575770849989,0,0,"Business",4.13440898060799
16.9230008143884,0,1,"Power",0.108232160564512
19.7800626140122,0,1,"Power",0.908635698724538
19.0020314410713,1,1,"Casual",2.43265124387108
12.3429202844175,0,0,"Casual",4.96000167564489
22.3396210532407,1,0,"Business",0.918727188836783
14.9531293999247,0,1,"Power",0.0236993841826916
24.0070345227013,1,1,"Business",0.590780486818403
14.092338328478,0,0,"Casual",2.51368967816234
17.4267152304173,1,1,"Casual",1.63463027332909
13.6294922357602,0,1,"Casual",2.73504214710556
15.2729745222501,1,0,"Casual",3.55896285152994
24.8681853145654,1,1,"Business",2.2025085252244
18.1502529603327,1,1,"Casual",2.68540429882705
12.9387292005802,0,0,"Casual",3.8636585266795
15.0854611891932,1,0,"Casual",3.62225302262232
25.0975333434856,1,1,"Business",2.74678070098162
22.0793524729843,0,1,"Business",1.23478537541814
21.1627715240791,0,1,"Business",1.09134185942821
21.8749707668615,1,1,"Power",3.20794190862216
17.6003762547284,1,1,"Casual",4.60367535124533
22.2350384426784,1,0,"Business",4.68751966604032
13.8390643785546,0,1,"Casual",1.92206325242296
22.6653449863798,1,1,"Power",0.729486914351583
16.7629233205242,1,1,"Casual",3.64646912668832
22.3105173463011,0,1,"Business",2.43370419833809
16.6232976247859,0,1,"Power",1.26271281274967
18.2546316483293,1,1,"Casual",4.13897819933482
16.8476098568937,1,0,"Power",0.722994724055752
11.5925595676052,0,0,"Casual",2.97273686970584
22.7241729318558,1,0,"Business",1.36155464453623
14.0200032683246,1,0,"Casual",4.7030278830789
19.3236636356771,1,0,"Business",0.726459885481745
24.061336238388,1,1,"Business",4.55471730791032
23.398954454624,0,1,"Business",3.51510032895021
18.3681505747922,0,1,"Power",1.38310441281646
20.7838363165432,1,0,"Business",0.301600156817585
24.2148967419184,1,0,"Business",3.5303050512448
18.6362576410089,1,0,"Power",0.819580754032359
12.8523034356928,1,1,"Casual",0.884015514748171
13.1709421299252,0,0,"Casual",2.55428605596535
19.1317072260039,0,0,"Business",1.69274938991293
10.4840207122271,0,1,"Casual",0.215600858209655
20.4706916781376,0,1,"Business",4.21575570711866
18.7312519936132,0,1,"Power",1.53409369871952
19.8616137673376,1,1,"Casual",2.40709371166304
25.7044583529104,1,1,"Business",1.90106258378364
17.2649247141148,1,0,"Casual",3.29009600682184
22.6539714618353,1,0,"Business",4.55430678208359
17.666278887053,0,0,"Power",3.99062421172857
15.579611284329,1,0,"Casual",1.9919112615753
10.9948066405118,0,1,"Casual",0.696318744448945
15.5029633747307,1,1,"Casual",1.50193586712703
18.7426831628172,1,1,"Power",1.39906603260897
22.3279069514579,1,1,"Business",1.26797767006792
19.7915675976154,1,0,"Power",3.91100556822494
17.9577096537592,1,1,"Casual",3.36321131093428
17.1453621923014,1,1,"Casual",2.27192874765024
15.2904662116154,1,1,"Casual",1.87346139922738
12.018719368682,0,1,"Casual",1.36646643164568
18.4986120971343,1,0,"Power",1.46648415015079
14.9467821103692,0,1,"Casual",2.35702480771579
25.5747256035401,1,1,"Business",1.94932017242536
9.4169925733941,0,0,"Casual",0.12430778820999
23.948160990514,1,1,"Business",4.28307329653762
15.5851503798043,1,1,"Casual",0.699103000806645
16.9902785747875,0,1,"Power",4.70769723062404
22.0812441686384,1,1,"Power",2.80040072510019
21.2854966162775,1,1,"Power",1.30037846625783
19.609359971635,0,0,"Business",0.199380144476891
23.540825682055,1,1,"Power",2.54093210096471
15.320038673375,1,0,"Casual",2.48245198046789
12.4700899550376,0,0,"Casual",1.86449596309103
17.7756324709783,0,0,"Power",2.85134252975695
13.25268717774,0,0,"Casual",4.84186293673702
9.3736391289488,0,0,"Casual",0.408956481842324
18.9556546603841,0,1,"Power",3.61330358078703
14.4604105005949,0,0,"Casual",3.92203928902745
14.0509220569981,1,1,"Casual",0.187433648388833
17.182146642322,1,0,"Power",1.00630768574774
24.994758944655,1,1,"Business",1.66052377782762
13.5539377795745,0,0,"Casual",2.83482402795926
12.8149535323601,0,1,"Casual",0.0546560762450099
19.3909504714108,1,1,"Power",0.426509854150936
14.4955135595355,1,0,"Casual",2.3148279520683
15.2209781552104,0,1,"Casual",2.24956870079041
25.5011126545487,1,1,"Business",3.79636270459741
17.8332503000741,1,1,"Casual",4.34050657670014
17.0674429906713,0,0,"Power",0.92764992499724
19.0553331613263,1,1,"Casual",3.79590709810145
20.8405529718225,0,1,"Business",0.499162307241932
21.303323219691,1,1,"Power",1.10545134288259
20.6517686170107,0,1,"Business",4.47701439261436
22.613036367879,1,1,"Power",4.01889781001955
22.2034626242148,1,0,"Business",0.836825431324542
23.3509572026181,1,1,"Power",4.92407358135097
19.8266942015704,0,1,"Power",4.0900189767126
15.936517197628,1,1,"Casual",2.2166033135727
14.4092352478564,0,1,"Casual",2.92377586010844
11.8394931235327,0,0,"Casual",4.432511953637
17.1999975908145,1,1,"Casual",4.05423671822064
13.1914173512207,0,1,"Casual",3.71387324645184
24.8103181320612,1,0,"Business",4.20979890157469
18.6419886550437,0,1,"Power",2.03302347450517
23.875959287219,0,1,"Business",4.3641910131555
16.1609054656551,0,0,"Power",4.53108233516105
17.1698146432771,0,0,"Power",4.45888692862354
23.3777997211881,1,1,"Business",0.0415232160594314
14.7819286759813,1,0,"Casual",3.08078203583136
19.9822251385809,0,0,"Power",2.27359667187557
21.6087965155829,0,1,"Business",2.84093646681868
11.7701515989725,0,1,"Casual",4.49697655742057
15.8889155254975,1,1,"Casual",0.848452175268903
17.3606169047289,1,1,"Casual",3.83438659599051
15.396411549366,1,1,"Casual",0.5653048644308
21.4333234501456,0,1,"Business",3.83080991217867
